Mind Meld: Secrets Behind the Voyage of a Lifetime,9.8,美国,科幻,https://movie.douban.com/subject/5131881/,https://img3.doubanio.com/lpic/s6631403.jpg
瑞克与莫蒂之精致死尸,9.6,美国,科幻,https://movie.douban.com/subject/27101676/,https://img1.doubanio.com/view/photo/s_ratio_poster/public/p2494617459.jpg
怪诞小镇特别篇：松林之间,9.5,美国,科幻,https://movie.douban.com/subject/26744258/,https://img3.doubanio.com/view/photo/s_ratio_poster/public/p2324315416.jpg
旅行者号：冲出太阳系,9.5,美国,科幻,https://movie.douban.com/subject/23117105/,https://img3.doubanio.com/view/photo/s_ratio_poster/public/p1922704513.jpg
疑犯追踪 试播集,9.4,美国,科幻,https://movie.douban.com/subject/24700683/,https://img1.doubanio.com/view/photo/s_ratio_poster/public/p1974739828.jpg
历史频道 - 宇宙系列：大爆炸开始,9.4,美国,科幻,https://movie.douban.com/subject/4714475/,https://img3.doubanio.com/lpic/s4227350.jpg
机器人总动员,9.3,美国,科幻,https://movie.douban.com/subject/2131459/,https://img3.doubanio.com/view/photo/s_ratio_poster/public/p449665982.jpg
旅行到宇宙边缘,9.3,美国,科幻,https://movie.douban.com/subject/3595323/,https://img3.doubanio.com/view/photo/s_ratio_poster/public/p1958040706.jpg
危险的日子：银翼杀手制作始末,9.3,美国,科幻,https://movie.douban.com/subject/3741153/,https://img1.doubanio.com/view/photo/s_ratio_poster/public/p2189124857.jpg
萤火虫10周年纪念,9.3,美国,科幻,https://movie.douban.com/subject/24882604/,https://img3.doubanio.com/view/photo/s_ratio_poster/public/p2161889323.jpg
盗梦空间,9.2,美国,科幻,https://movie.douban.com/subject/3541415/,https://img3.doubanio.com/view/photo/s_ratio_poster/public/p513344864.jpg
守望先锋：双龙,9.2,美国,科幻,https://movie.douban.com/subject/26860017/,https://img3.doubanio.com/view/photo/s_ratio_poster/public/p2417863546.jpg
守望先锋：我们出发吧,9.2,美国,科幻,https://movie.douban.com/subject/27121211/,https://img3.doubanio.com/view/photo/s_ratio_poster/public/p2498314003.jpg
星际旅行：舰长峰会,9.2,美国,科幻,https://movie.douban.com/subject/6724026/,https://img1.doubanio.com/view/photo/s_ratio_poster/public/p2247382219.jpg
守望先锋：荣耀,9.2,美国,科幻,https://movie.douban.com/subject/27191474/,https://img3.doubanio.com/view/photo/s_ratio_poster/public/p2504236053.jpg
楚门的世界,9.1,美国,科幻,https://movie.douban.com/subject/1292064/,https://img3.doubanio.com/view/photo/s_ratio_poster/public/p479682972.jpg
星际穿越,9.1,美国,科幻,https://movie.douban.com/subject/1889243/,https://img3.doubanio.com/view/photo/s_ratio_poster/public/p2206088801.jpg
哈利·波特系列的50个精彩瞬间,9.1,美国,科幻,https://movie.douban.com/subject/6758119/,https://img1.doubanio.com/view/photo/s_ratio_poster/public/p2184324569.jpg
机器的复兴：第1部,9.1,美国,科幻,https://movie.douban.com/subject/2049553/,https://img3.doubanio.com/view/photo/s_ratio_poster/public/p2189949483.jpg
星际牛仔,9.6,日本,科幻,https://movie.douban.com/subject/26883616/,https://img3.doubanio.com/view/photo/s_ratio_poster/public/p2385967281.jpg
新世纪福音战士剧场版：Air/真心为你,9.4,日本,科幻,https://movie.douban.com/subject/1308892/,https://img1.doubanio.com/view/photo/s_ratio_poster/public/p2199653749.jpg
机动战士高达THE ORIGIN 激战 鲁姆战役篇,9.3,日本,科幻,https://movie.douban.com/subject/26919026/,https://img1.doubanio.com/view/photo/s_ratio_poster/public/p2495283318.jpg
宇宙兄弟#0,9.3,日本,科幻,https://movie.douban.com/subject/25792658/,https://img3.doubanio.com/view/photo/s_ratio_poster/public/p2192962095.jpg
福音战士新剧场版：破,9.2,日本,科幻,https://movie.douban.com/subject/2567646/,https://img3.doubanio.com/view/photo/s_ratio_poster/public/p1026522114.jpg
新世纪福音战士剧场版：死与新生,9.2,日本,科幻,https://movie.douban.com/subject/1455442/,https://img3.doubanio.com/view/photo/s_ratio_poster/public/p2250120322.jpg
攻壳机动队SAC 2nd GIG：个别的十一人,9.2,日本,科幻,https://movie.douban.com/subject/2352020/,https://img3.doubanio.com/view/photo/s_ratio_poster/public/p2497028401.jpg
新世纪福音战士剧场版：复兴,9.2,日本,科幻,https://movie.douban.com/subject/20458867/,https://img3.doubanio.com/view/photo/s_ratio_poster/public/p2227584460.jpg
机动战士高达 THE ORIGIN III 破晓的起义,9.2,日本,科幻,https://movie.douban.com/subject/26359261/,https://img3.doubanio.com/view/photo/s_ratio_poster/public/p2325456546.jpg
银河英雄传说：我的征途是星辰大海,9.2,日本,科幻,https://movie.douban.com/subject/3542206/,https://img3.doubanio.com/view/photo/s_ratio_poster/public/p486657453.jpg
超时空游侠,9.2,日本,科幻,https://movie.douban.com/subject/3078572/,https://img1.doubanio.com/view/photo/s_ratio_poster/public/p1902970538.jpg
福音战士新剧场版：序,9.1,日本,科幻,https://movie.douban.com/subject/1968790/,https://img3.doubanio.com/view/photo/s_ratio_poster/public/p453715063.jpg
命运石之门：横行跋扈的浪荡之徒,9.1,日本,科幻,https://movie.douban.com/subject/10521690/,https://img3.doubanio.com/view/photo/s_ratio_poster/public/p1432532161.jpg
攻壳机动队SAC：笑面男,9.1,日本,科幻,https://movie.douban.com/subject/2078804/,https://img1.doubanio.com/view/photo/s_ratio_poster/public/p2207164758.jpg
机器的复兴：第2部,9.1,日本,科幻,https://movie.douban.com/subject/2049556/,https://img3.doubanio.com/view/photo/s_ratio_poster/public/p2189949652.jpg
天元突破剧场版：螺岩篇,9.1,日本,科幻,https://movie.douban.com/subject/3727748/,https://img3.doubanio.com/view/photo/s_ratio_poster/public/p937216094.jpg
银河英雄传说：新战争的序曲,9.1,日本,科幻,https://movie.douban.com/subject/3542229/,https://img3.doubanio.com/lpic/s3602702.jpg
攻壳机动队2：无罪,9.0,日本,科幻,https://movie.douban.com/subject/1291566/,https://img1.doubanio.com/view/photo/s_ratio_poster/public/p453466108.jpg
凉宫春日的消失,9.0,日本,科幻,https://movie.douban.com/subject/4074292/,https://img3.doubanio.com/view/photo/s_ratio_poster/public/p2246432125.jpg
世界纪录,9.0,日本,科幻,https://movie.douban.com/subject/2049559/,https://img3.doubanio.com/view/photo/s_ratio_poster/public/p2189185870.jpg
机动战士高达：逆袭的夏亚,9.0,日本,科幻,https://movie.douban.com/subject/1401536/,https://img3.doubanio.com/view/photo/s_ratio_poster/public/p546980785.jpg
少女与战车 剧场版,9.0,日本,科幻,https://movie.douban.com/subject/24460604/,https://img1.doubanio.com/view/photo/s_ratio_poster/public/p2290872319.jpg
2112年 哆啦A梦诞生,9.0,日本,科幻,https://movie.douban.com/subject/3558793/,https://img3.doubanio.com/view/photo/s_ratio_poster/public/p1666603536.jpg
反叛的鲁路修特别篇：零之镇魂曲,9.0,日本,科幻,https://movie.douban.com/subject/6514089/,https://img1.doubanio.com/view/photo/s_ratio_poster/public/p2178971509.jpg
机动战士高达 THE ORIGIN IV 命运前夜,9.0,日本,科幻,https://movie.douban.com/subject/26359260/,https://img3.doubanio.com/view/photo/s_ratio_poster/public/p2409626594.jpg
高智能方程式赛车 TV总集篇,9.0,日本,科幻,https://movie.douban.com/subject/4906417/,https://img3.doubanio.com/lpic/s4412555.jpg
宇宙快递,9.0,韩国,科幻,https://movie.douban.com/subject/25884822/,https://img3.doubanio.com/view/photo/s_ratio_poster/public/p2229847445.jpg
神秘博士：DT的视频日志：最后的日子,9.6,英国,科幻,https://movie.douban.com/subject/10508911/,https://img1.doubanio.com/view/photo/s_ratio_poster/public/p2317582899.jpg
神秘博士：2008逍遥音乐会,9.6,英国,科幻,https://movie.douban.com/subject/3712009/,https://img3.doubanio.com/lpic/s3765103.jpg
凯特秀：喜剧插曲之神秘博士特别篇,9.6,英国,科幻,https://movie.douban.com/subject/25824839/,https://img3.doubanio.com/view/photo/s_ratio_poster/public/p2289093862.jpg
神秘博士：2006逍遥音乐会,9.6,英国,科幻,https://movie.douban.com/subject/5941689/,https://img3.doubanio.com/lpic/s4609003.jpg
时空冒险,9.5,英国,科幻,https://movie.douban.com/subject/24298647/,https://img3.doubanio.com/view/photo/s_ratio_poster/public/p2173858926.jpg
五位(还嫌少)博士重启,9.5,英国,科幻,https://movie.douban.com/subject/25777719/,https://img1.doubanio.com/view/photo/s_ratio_poster/public/p2160377148.jpg
神秘博士：2010逍遥音乐会,9.5,英国,科幻,https://movie.douban.com/subject/5941690/,https://img3.doubanio.com/view/photo/s_ratio_poster/public/p2321153970.jpg
神秘博士：2013逍遥音乐会,9.5,英国,科幻,https://movie.douban.com/subject/25717159/,https://img3.doubanio.com/view/photo/s_ratio_poster/public/p2118848256.jpg
弗兰肯斯坦,9.4,英国,科幻,https://movie.douban.com/subject/10508921/,https://img3.doubanio.com/view/photo/s_ratio_poster/public/p2252273146.jpg
神秘博士2005慈善特辑：帮助儿童,9.4,英国,科幻,https://movie.douban.com/subject/10577674/,https://img3.doubanio.com/lpic/s11088020.jpg
神秘博士：DT的视频日志,9.4,英国,科幻,https://movie.douban.com/subject/10553116/,https://img3.doubanio.com/lpic/s10385776.jpg
神秘博士终极指南,9.4,英国,科幻,https://movie.douban.com/subject/25777630/,https://img1.doubanio.com/view/photo/s_ratio_poster/public/p2165084958.jpg
博士之日幕后揭秘,9.4,英国,科幻,https://movie.douban.com/subject/25810935/,https://img1.doubanio.com/view/photo/s_ratio_poster/public/p2186708457.jpg
神秘博士特别篇：时间尽头(下),9.3,英国,科幻,https://movie.douban.com/subject/4215755/,https://img1.doubanio.com/view/photo/s_ratio_poster/public/p2151699747.jpg
神秘博士：天体音乐,9.3,英国,科幻,https://movie.douban.com/subject/5181578/,https://img3.doubanio.com/lpic/s6958586.jpg
神秘博士背后的科学,9.3,英国,科幻,https://movie.douban.com/subject/25773398/,https://img3.doubanio.com/view/photo/s_ratio_poster/public/p2159548712.jpg
神秘博士：再见，马特·史密斯,9.3,英国,科幻,https://movie.douban.com/subject/25966287/,https://img3.doubanio.com/view/photo/s_ratio_poster/public/p2206715301.jpg
神秘博士特别篇：时间尽头(上),9.2,英国,科幻,https://movie.douban.com/subject/4215662/,https://img1.doubanio.com/lpic/s4118059.jpg
神秘博士：时间冲撞,9.2,英国,科幻,https://movie.douban.com/subject/4188543/,https://img1.doubanio.com/lpic/s6788929.jpg
人体奥妙之细胞的暗战,9.2,英国,科幻,https://movie.douban.com/subject/20515275/,https://img3.doubanio.com/view/photo/s_ratio_poster/public/p1843111780.jpg
2007红鼻子日慈善专场大表演,9.2,英国,科幻,https://movie.douban.com/subject/2124854/,https://img1.doubanio.com/lpic/s2727327.jpg
最棒的同伴,9.2,英国,科幻,https://movie.douban.com/subject/20399058/,https://img1.doubanio.com/lpic/s24439949.jpg
黑镜：圣诞特别篇,9.1,英国,科幻,https://movie.douban.com/subject/25964630/,https://img3.doubanio.com/view/photo/s_ratio_poster/public/p2233676442.jpg
哈勃的15年科学探索,9.1,英国,科幻,https://movie.douban.com/subject/3149040/,https://img3.doubanio.com/view/photo/s_ratio_poster/public/p1846835634.jpg
博士的女伴,9.1,英国,科幻,https://movie.douban.com/subject/11625156/,https://img1.doubanio.com/lpic/s11282609.jpg
Pond一家最后的日子,9.1,英国,科幻,https://movie.douban.com/subject/25779232/,https://img3.doubanio.com/view/photo/s_ratio_poster/public/p2211974901.jpg
神秘博士圣诞时刻,9.1,英国,科幻,https://movie.douban.com/subject/21354158/,https://img3.doubanio.com/lpic/s24976003.jpg
虎王归来,9.1,英国,科幻,https://movie.douban.com/subject/24849943/,https://img3.doubanio.com/view/photo/s_ratio_poster/public/p2029447346.jpg
蝙蝠侠：黑暗骑士,9.0,英国,科幻,https://movie.douban.com/subject/1851857/,https://img3.doubanio.com/view/photo/s_ratio_poster/public/p462657443.jpg
神秘博士：火星之水,9.0,英国,科幻,https://movie.douban.com/subject/4144683/,https://img3.doubanio.com/view/photo/s_ratio_poster/public/p2151616662.jpg
双X：这个游戏的名称,9.0,英国,科幻,https://movie.douban.com/subject/1294819/,https://img3.doubanio.com/lpic/s3932346.jpg
彩虹,9.0,英国,科幻,https://movie.douban.com/subject/1971485/,https://img3.doubanio.com/view/photo/s_ratio_poster/public/p503390374.jpg
神秘博士：信息场,9.0,英国,科幻,https://movie.douban.com/subject/25824941/,https://img3.doubanio.com/view/photo/s_ratio_poster/public/p2169394973.jpg
最棒的怪物,9.0,英国,科幻,https://movie.douban.com/subject/20393812/,https://img1.doubanio.com/lpic/s24428449.jpg
穿越扬提尔森的音乐秘密,9.4,法国,科幻,https://movie.douban.com/subject/6038293/,https://img3.doubanio.com/lpic/s4677004.jpg
虚幻勇士,9.1,法国,科幻,https://movie.douban.com/subject/3667535/,https://img3.doubanio.com/lpic/s3724393.jpg
岁城璃心-鬼蜮咒原,9.0,大陆,动作,https://movie.douban.com/subject/26298852/,https://img3.doubanio.com/view/photo/s_ratio_poster/public/p2243669803.jpg
魔法门之英雄无敌3：死亡阴影,9.5,美国,动作,https://movie.douban.com/subject/4935231/,https://img3.doubanio.com/lpic/s4432480.jpg
UFC一百场最伟大的比赛,9.4,美国,动作,https://movie.douban.com/subject/4169014/,https://img1.doubanio.com/lpic/s4077247.jpg
疯狂动物城,9.2,美国,动作,https://movie.douban.com/subject/25662329/,https://img1.doubanio.com/view/photo/s_ratio_poster/public/p2315672647.jpg
教父,9.2,美国,动作,https://movie.douban.com/subject/1291841/,https://img3.doubanio.com/view/photo/s_ratio_poster/public/p2190556185.jpg
王的哲♂学摔跤,9.2,美国,动作,https://movie.douban.com/subject/2245557/,https://img3.doubanio.com/view/photo/s_ratio_poster/public/p2180258143.jpg
天旋地转,9.2,美国,动作,https://movie.douban.com/subject/5150857/,https://img3.doubanio.com/lpic/s11164566.jpg
指环王3：王者无敌,9.1,美国,动作,https://movie.douban.com/subject/1291552/,https://img3.doubanio.com/view/photo/s_ratio_poster/public/p1910825503.jpg
教父2,9.1,美国,动作,https://movie.douban.com/subject/1299131/,https://img1.doubanio.com/view/photo/s_ratio_poster/public/p2194138787.jpg
黄金三镖客,9.1,美国,动作,https://movie.douban.com/subject/1401118/,https://img1.doubanio.com/view/photo/s_ratio_poster/public/p2101693489.jpg
攀登梅鲁峰,9.1,美国,动作,https://movie.douban.com/subject/26276373/,https://img3.doubanio.com/view/photo/s_ratio_poster/public/p2286660380.jpg
德鲁大叔,9.1,美国,动作,https://movie.douban.com/subject/26665408/,https://img3.doubanio.com/view/photo/s_ratio_poster/public/p2401288743.jpg
梦之帝国：星球大战三部曲的故事,9.1,美国,动作,https://movie.douban.com/subject/3429411/,https://img3.doubanio.com/lpic/s3556582.jpg
两杆大烟枪,9.0,美国,动作,https://movie.douban.com/subject/1293350/,https://img1.doubanio.com/view/photo/s_ratio_poster/public/p792443418.jpg
将军号,9.0,美国,动作,https://movie.douban.com/subject/1292778/,https://img3.doubanio.com/view/photo/s_ratio_poster/public/p2248676081.jpg
稻草人,9.0,美国,动作,https://movie.douban.com/subject/1867778/,https://img1.doubanio.com/view/photo/s_ratio_poster/public/p2503556327.jpg
李小龙：勇士的旅程,9.0,美国,动作,https://movie.douban.com/subject/1305710/,https://img3.doubanio.com/view/photo/s_ratio_poster/public/p2267330935.jpg
大话西游之大圣娶亲,9.2,香港,动作,https://movie.douban.com/subject/1292213/,https://img3.doubanio.com/view/photo/s_ratio_poster/public/p2455050536.jpg
无间道,9.0,香港,动作,https://movie.douban.com/subject/1307914/,https://img3.doubanio.com/view/photo/s_ratio_poster/public/p2233971046.jpg
上海滩,9.0,香港,动作,https://movie.douban.com/subject/6311260/,https://img3.doubanio.com/view/photo/s_ratio_poster/public/p2344833803.jpg
银魂完结篇：直到永远的万事屋,9.3,日本,动作,https://movie.douban.com/subject/11615927/,https://img3.doubanio.com/view/photo/s_ratio_poster/public/p2258024316.jpg
七武士,9.2,日本,动作,https://movie.douban.com/subject/1295399/,https://img3.doubanio.com/view/photo/s_ratio_poster/public/p647099823.jpg
切腹,9.2,日本,动作,https://movie.douban.com/subject/1304920/,https://img3.doubanio.com/view/photo/s_ratio_poster/public/p2151748293.jpg
银魂剧场版：新译红樱篇,9.1,日本,动作,https://movie.douban.com/subject/4122194/,https://img3.doubanio.com/view/photo/s_ratio_poster/public/p612363092.jpg
空之境界 第七章 杀人考察（后）,9.0,日本,动作,https://movie.douban.com/subject/3399553/,https://img3.doubanio.com/view/photo/s_ratio_poster/public/p2202703811.jpg
海贼王梅利篇：另一名同伴的故事,9.0,日本,动作,https://movie.douban.com/subject/25711544/,https://img3.doubanio.com/view/photo/s_ratio_poster/public/p2107245311.jpg
乱莺,9.0,日本,动作,https://movie.douban.com/subject/26897405/,https://img3.doubanio.com/view/photo/s_ratio_poster/public/p2461995492.jpg
怒海英雄：公爵夫人与恶魔,9.0,英国,动作,https://movie.douban.com/subject/1889695/,https://img3.doubanio.com/view/photo/s_ratio_poster/public/p2278607774.jpg
这个杀手不太冷,9.4,法国,动作,https://movie.douban.com/subject/1295644/,https://img3.doubanio.com/view/photo/s_ratio_poster/public/p511118051.jpg
98世界杯之旅,9.0,法国,动作,https://movie.douban.com/subject/1998756/,https://img1.doubanio.com/lpic/s2159708.jpg
从海底出击,9.0,德国,动作,https://movie.douban.com/subject/1293909/,https://img3.doubanio.com/view/photo/s_ratio_poster/public/p2088879323.jpg
狐妖小红娘剧场版：月红篇,9.3,大陆,青春,https://movie.douban.com/subject/26972694/,https://img3.doubanio.com/view/photo/s_ratio_poster/public/p2427045524.jpg
越过太平洋,9.2,大陆,青春,https://movie.douban.com/subject/4189651/,https://img3.doubanio.com/view/photo/s_ratio_poster/public/p2232262374.jpg
金花路5号,9.1,大陆,青春,https://movie.douban.com/subject/2282452/,https://img3.doubanio.com/view/photo/s_ratio_poster/public/p1961367162.jpg
绝不松开我的拳头,9.0,大陆,青春,https://movie.douban.com/subject/26199883/,https://img1.doubanio.com/view/photo/s_ratio_poster/public/p2207905589.jpg
流浪狗小黄的故事,9.0,大陆,青春,https://movie.douban.com/subject/4886322/,https://img3.doubanio.com/lpic/s4410260.jpg
创造哈利·波特的世界：成长,9.6,美国,青春,https://movie.douban.com/subject/20514888/,https://img3.doubanio.com/lpic/s24611375.jpg
创造哈利·波特的世界：故事,9.5,美国,青春,https://movie.douban.com/subject/20514889/,https://img3.doubanio.com/lpic/s24611376.jpg
阿甘正传,9.4,美国,青春,https://movie.douban.com/subject/1292720/,https://img1.doubanio.com/view/photo/s_ratio_poster/public/p510876377.jpg
拽妹黛薇儿要上大学了没,9.4,美国,青春,https://movie.douban.com/subject/2054458/,https://img3.doubanio.com/lpic/s2372970.jpg
博弈论,9.4,美国,青春,https://movie.douban.com/subject/3272459/,https://img3.doubanio.com/lpic/s4495422.jpg
In Transit,9.4,美国,青春,https://movie.douban.com/subject/4145521/,https://img3.doubanio.com/lpic/s4061960.jpg
达拉斯小牛——2011年NBA总冠军历程,9.3,美国,青春,https://movie.douban.com/subject/6710820/,https://img1.doubanio.com/lpic/s6767289.jpg
诱惑乐队,9.3,美国,青春,https://movie.douban.com/subject/2138114/,https://img3.doubanio.com/lpic/s2572066.jpg
关于生活：台湾新电影和杨德昌,9.3,美国,青春,https://movie.douban.com/subject/2139310/,https://img1.doubanio.com/view/photo/s_ratio_poster/public/p2502442177.jpg
请以你的名字呼唤我,9.2,美国,青春,https://movie.douban.com/subject/26799731/,https://img3.doubanio.com/view/photo/s_ratio_poster/public/p2494250616.jpg
拽妹黛薇儿之暑假要结束了没,9.2,美国,青春,https://movie.douban.com/subject/2054560/,https://img1.doubanio.com/lpic/s2373108.jpg
孤身绝壁,9.2,美国,青春,https://movie.douban.com/subject/6738779/,https://img1.doubanio.com/view/photo/s_ratio_poster/public/p2231742067.jpg
鳄鱼波鞋走天涯,9.1,美国,青春,https://movie.douban.com/subject/1301811/,https://img3.doubanio.com/view/photo/s_ratio_poster/public/p2188484411.jpg
吉屋出租：百老汇剧场版,9.1,美国,青春,https://movie.douban.com/subject/24857754/,https://img1.doubanio.com/view/photo/s_ratio_poster/public/p2037132488.jpg
十三个原因：幕后故事,9.1,美国,青春,https://movie.douban.com/subject/27025842/,https://img3.doubanio.com/view/photo/s_ratio_poster/public/p2497125492.jpg
珍珠果酱二十年,9.1,美国,青春,https://movie.douban.com/subject/3673932/,https://img3.doubanio.com/view/photo/s_ratio_poster/public/p1226235552.jpg
日本高中棒球联赛,9.1,美国,青春,https://movie.douban.com/subject/3777820/,https://img3.doubanio.com/lpic/s3821340.jpg
情同手足黑猩猩,9.1,美国,青春,https://movie.douban.com/subject/2063940/,https://img3.doubanio.com/lpic/s2385235.jpg
荒野求生：威尔·法莱尔特别篇,9.0,美国,青春,https://movie.douban.com/subject/4306370/,https://img3.doubanio.com/f/movie/30c6263b6db26d055cbbe73fe653e29014142ea3/pics/movie/movie_default_large.png
全美街舞达人：十大最佳表演,9.0,美国,青春,https://movie.douban.com/subject/4016814/,https://img1.doubanio.com/lpic/s3982959.jpg
爵士浮生,9.0,美国,青春,https://movie.douban.com/subject/2362701/,https://img3.doubanio.com/lpic/s3583330.jpg
哈利波特同人音乐剧 第二部,9.1,美国,青春,https://movie.douban.com/subject/6958656/,https://img1.doubanio.com/lpic/s7035829.jpg
小小宠物店,9.0,美国,青春,https://movie.douban.com/subject/3759539/,https://img3.doubanio.com/lpic/s3805752.jpg
摇滚本事,9.4,台湾,青春,https://movie.douban.com/subject/3737081/,https://img1.doubanio.com/view/photo/s_ratio_poster/public/p2187058068.jpg
现场·战场·梦工厂,9.4,台湾,青春,https://movie.douban.com/subject/24719141/,https://img3.doubanio.com/view/photo/s_ratio_poster/public/p2153459184.jpg
生命之歌~战后70年~,9.6,日本,青春,https://movie.douban.com/subject/26584809/,https://img1.doubanio.com/view/photo/s_ratio_poster/public/p2260517798.jpg
《双斩少女》是怎么炼成的 制作贴身采访500天,9.3,日本,青春,https://movie.douban.com/subject/26020815/,https://img3.doubanio.com/view/photo/s_ratio_poster/public/p2202003244.jpg
CNBLUE 的故事：永不停止,9.3,日本,青春,https://movie.douban.com/subject/25769877/,https://img1.doubanio.com/view/photo/s_ratio_poster/public/p2158685039.jpg
蜂蜜与四叶草 LF特别篇,9.1,日本,青春,https://movie.douban.com/subject/6733294/,https://img1.doubanio.com/lpic/s6784869.jpg
棒球大联盟OVA：向着梦的瞬间,9.1,日本,青春,https://movie.douban.com/subject/10001433/,https://img3.doubanio.com/view/photo/s_ratio_poster/public/p2257394631.jpg
无人知晓,9.0,日本,青春,https://movie.douban.com/subject/1292337/,https://img3.doubanio.com/view/photo/s_ratio_poster/public/p661160053.jpg
木更津猫眼 世界系列,9.0,日本,青春,https://movie.douban.com/subject/1793394/,https://img3.doubanio.com/view/photo/s_ratio_poster/public/p764157116.jpg
阿滋漫画大王 短篇电影,9.0,日本,青春,https://movie.douban.com/subject/2239631/,https://img3.doubanio.com/lpic/s2678594.jpg
水星领航员 OVA,9.0,日本,青春,https://movie.douban.com/subject/2258612/,https://img3.doubanio.com/view/photo/s_ratio_poster/public/p2296508626.jpg
最游记外传OVA第三卷：萌芽之章,9.0,日本,青春,https://movie.douban.com/subject/25703568/,https://img1.doubanio.com/view/photo/s_ratio_poster/public/p2096699907.jpg
放浪男孩OVA 告白 ～Each Seasons～,9.0,日本,青春,https://movie.douban.com/subject/6902342/,https://img1.doubanio.com/lpic/s6975477.jpg
当哈利离别霍格沃茨,9.3,英国,青春,https://movie.douban.com/subject/7053733/,https://img3.doubanio.com/view/photo/s_ratio_poster/public/p2155293242.jpg
杰拉德自传,9.3,英国,青春,https://movie.douban.com/subject/1900831/,https://img3.doubanio.com/lpic/s2578246.jpg
主佑我前行,9.2,英国,青春,https://movie.douban.com/subject/2282945/,https://img3.doubanio.com/lpic/s2742702.jpg
清秀佳人第二部,9.2,英国,青春,https://movie.douban.com/subject/5047697/,https://img1.doubanio.com/lpic/s9042667.jpg
睡美人,9.2,英国,青春,https://movie.douban.com/subject/4603371/,https://img3.doubanio.com/lpic/s4214731.jpg
Belle & Sebastian - Fans Only,9.1,英国,青春,https://movie.douban.com/subject/1892826/,https://img3.doubanio.com/lpic/s3160084.jpg
自己动手做：英国Rough trade唱片公司的故事,9.0,英国,青春,https://movie.douban.com/subject/5944276/,https://img3.doubanio.com/lpic/s4609863.jpg
放牛班的春天,9.2,法国,青春,https://movie.douban.com/subject/1291549/,https://img3.doubanio.com/view/photo/s_ratio_poster/public/p1910824951.jpg
芭蕾舞女演员,9.2,法国,青春,https://movie.douban.com/subject/3146309/,https://img3.doubanio.com/lpic/s3180914.jpg
卡门,9.1,法国,青春,https://movie.douban.com/subject/3616168/,https://img3.doubanio.com/lpic/s3676342.jpg
金球,9.0,法国,青春,https://movie.douban.com/subject/3134269/,https://img1.doubanio.com/view/photo/s_ratio_poster/public/p2251344879.jpg
"加油,法国队!",9.0,法国,青春,https://movie.douban.com/subject/3700124/,https://img3.doubanio.com/lpic/s3754010.jpg
德国，一个夏天的童话,9.4,德国,青春,https://movie.douban.com/subject/1896561/,https://img3.doubanio.com/view/photo/s_ratio_poster/public/p2246993443.jpg
温布利：足球回家,9.3,德国,青春,https://movie.douban.com/subject/25698292/,https://img1.doubanio.com/view/photo/s_ratio_poster/public/p2125920068.jpg
B级片：西柏林的欲望与声音1979-1989,9.1,德国,青春,https://movie.douban.com/subject/26284536/,https://img1.doubanio.com/view/photo/s_ratio_poster/public/p2232074577.jpg
灿烂人生,9.3,意大利,青春,https://movie.douban.com/subject/1291831/,https://img3.doubanio.com/view/photo/s_ratio_poster/public/p1161132422.jpg
三傻大闹宝莱坞,9.1,印度,青春,https://movie.douban.com/subject/3793023/,https://img3.doubanio.com/view/photo/s_ratio_poster/public/p579729551.jpg
青春禁忌游戏,9.2,俄罗斯,青春,https://movie.douban.com/subject/4264111/,https://img3.doubanio.com/lpic/s7063443.jpg
爱玛和丹尼尔的夏天,9.2,瑞典,青春,https://movie.douban.com/subject/2258917/,https://img1.doubanio.com/lpic/s2704847.jpg
克拉姆一家2,9.0,丹麦,青春,https://movie.douban.com/subject/1775004/,https://img3.doubanio.com/lpic/s1646162.jpg
